{"cameraMode":{"drawMode":0,"name":"Shaded","section":"Shading Mode"},"sceneLighting":true,"audioPlay":false,"sceneViewState":{"showFog":true,"showMaterialUpdate":false,"showSkybox":true,"showFlares":true,"showImageEffects":true,"showParticleSystems":true},"in2DMode":false,"pivot":{"x":-0.5244112014770508,"y":-1.3111176490783692,"z":-5.4026947021484379},"rotation":{"x":-0.06546884775161743,"y":0.9277659058570862,"z":-0.19513840973377229,"w":-0.3112652599811554},"size":9.63106918334961,"orthographic":false}